First Name,Last Name,Company Name,Email,Marketing Contacts,Gender,State
Eva,Corets,"​Fabrikam, Inc.",eva@fabrikam.com,Yes,Female,California
Ofer,Daliot,"​Fabrikam, Inc.",ofer@fabrikam.com,Yes,Male,California
Robert,Lyon,"​Fabrikam, Inc.",robert@fabrikam.com,Yes,Male,California
Tai,Yee,​First Up Consultants,tai@firstupconsultants.com,Yes,Male,New Jersey
Rainer,Witte,​First Up Consultants,rainer@firstupconsultants.com,Yes,Female,New Jersey
Frank,Zhang,​First Up Consultants,frank@firstupconsultants.com,Yes,Male,New Jersey
Amy,Alberts,​Munson's Pickles and Preserves Farm,amy@munsonspicklesandpreservesfarm.com,Yes,Female,Michigan
Derek,Snyder,​Munson's Pickles and Preserves Farm,derek@munsonspicklesandpreservesfarm.com,Yes,Male,Michigan
Max,Stevens,​Munson's Pickles and Preserves Farm,max@munsonspicklesandpreservesfarm.com,Yes,Male,Michigan
Sunil,Uppal,​Munson's Pickles and Preserves Farm,sunil@munsonspicklesandpreservesfarm.com,Yes,Female,Michigan
Martin,Chisholm,​Wingtip Toys,martin@wingtiptoys.com,Yes,Male,Texas
Burke,Fewel,​Wingtip Toys,burke@wingtiptoys.com,Yes,Male,Texas
KC,Lemson,​Wingtip Toys,chris@wingtiptoys.com,Yes,Female,Texas
Bonnie,Kearney,Adatum Corporation,bonnie@adatum.com,Yes,Female,West Virginia
Peter,Connelly,Adatum Corporation,peter@adatum.com,Yes,Male,West Virginia
Vivian,Atlas,Adatum Corporation,vivian@adatum.com,Yes,Female,West Virginia
Carlos,Grilo,Adatum Corporation,carlos@adatum.com,Yes,Male,West Virginia
Holly,Holt,Adatum Corporation,holly@adatum.com,Yes,Female,West Virginia
Adrian,Dumitrascu,Adventure Works,adrian@adventure-works.com,Yes,Male,Colorado
Brian ,Anders,Adventure Works,brian @adventure-works.com,Yes,Male,Colorado
Chris,Brown,Adventure Works,chris@adventure-works.com,Yes,Male,Colorado
Dana,Stubberod,Adventure Works,dana@adventure-works.com,Yes,Female,Colorado
Don,Kerjean,Adventure Works,don@adventure-works.com,Yes,Male,Colorado
Greg,Gutierrez,Adventure Works,greg@adventure-works.com,Yes,Male,Colorado
Irene,Brigandi,Adventure Works,irene@adventure-works.com,Yes,Female,Colorado
Jim,Park,Adventure Works,jim@adventure-works.com,Yes,Male,Colorado
Joe,Groth,Adventure Works,joe@adventure-works.com,Yes,Male,Colorado
Kelly,Chan,Adventure Works,kelly@adventure-works.com,Yes,Female,Colorado
Elly,Nyka,Adventure Works,elly@adventure-works.com,Yes,Female,Colorado
Richard,Carey,Adventure Works Cycles,richard@adventureworkscycles.com,Yes,Male,California
Cecilia,Cornejo,Adventure Works Cycles,cecilia@adventureworkscycles.com,Yes,Female,California
Jamie,Stark,Adventure Works Cycles,jamie@adventureworkscycles.com,Yes,Female,California
Howard,Gonzalez,Adventure Works Cycles,howard@adventureworkscycles.com,Yes,Male,California
Eric,Gruber,Adventure Works Cycles,eric@adventureworkscycles.com,Yes,Male,California
Madeleine,Kelly,Alpine Ski House,madeleine@alpineskihouse.com,Yes,Female,Colorado
Richard,Lum,Alpine Ski House,richard@alpineskihouse.com,Yes,Male,Colorado
Sebastien,Motte,Alpine Ski House,sebastien@alpineskihouse.com,Yes,Male,Colorado
Mu,Han,Alpine Ski House,mu@alpineskihouse.com,Yes,Female,Colorado
Marian,Henc,Alpine Ski House,marian@alpineskihouse.com,Yes,Female,Colorado
Cathan,Cook,Alpine Ski House,cathan@alpineskihouse.com,Yes,Male,Colorado
George,Li,Alpine Ski House,george@alpineskihouse.com,Yes,Male,Colorado
Luca,Argentiero,Alpine Ski House,luca@alpineskihouse.com,Yes,Male,Colorado
Paul,Cannon,Alpine Ski House,paul@alpineskihouse.com,Yes,Male,Colorado
Linda,Mitchell,Alpine Ski House,linda@alpineskihouse.com,Yes,Female,Colorado
Jae,Pak,Bellows College,jaeb.@bellowscollege.com,Yes,Female,Illinois
Michael,Poliszkiewicz,Bellows College,michał@bellowscollege.com,Yes,Female,Illinois
Barak,Regev,Bellows College,barak@bellowscollege.com,Yes,Male,Illinois
Flemming,Pedersen,Bellows College,flemming@bellowscollege.com,Yes,Male,Illinois
Forrest,Chand,Bellows College,forrest@bellowscollege.com,Yes,Male,Illinois
Terrence,Philip,Bellows College,terrence@bellowscollege.com,Yes,Male,Illinois
Luisa,Cazzaniga,Best For You Organics Company,luisa@bestforyouorganicscompany.com,Yes,Female,California
Holly,Dickson,Best For You Organics Company,holly@bestforyouorganicscompany.com,Yes,Female,California
Enrique,Gil,Best For You Organics Company,enrique@bestforyouorganicscompany.com,Yes,Male,California
B.J.,Haberkorn,Best For You Organics Company,b.j.@bestforyouorganicscompany.com,Yes,Female,California
Oleg,Anashkin,City Power & Light ,oleg@citypowerandlight.com,Yes,Male,Arizona
Sean,Bentley,City Power & Light ,sean@citypowerandlight.com,Yes,Male,Arizona
Jed,Brown,City Power & Light ,jed@citypowerandlight.com,Yes,Male,Arizona
Jim,Galore,City Power & Light ,jim@citypowerandlight.com,Yes,Male,Arizona
Phyllis,Ruzicka,City Power & Light ,phyllis@citypowerandlight.com,Yes,Female,Arizona
Charlotte,Weiss,Coho Winery,charlotte@cohowinery.com,Yes,Female,California
Gary,Thomas,Coho Winery,gary@cohowinery.com,Yes,Male,California
Jim,Glynn,Coho Winery,jim@cohowinery.com,Yes,Male,California
Eva,Elznicova,Coho Winery,eva@cohowinery.com,Yes,Female,California
Kevin,Kennedy,Consolidated Messenger,kevin@consolidatedmessenger.com,Yes,Male,Florida
Marcin,Kretowicz,Consolidated Messenger,marcin@consolidatedmessenger.com,Yes,Female,Florida
Adrian,Lannin,Consolidated Messenger,adrian@consolidatedmessenger.com,Yes,Male,Florida
Josh,Meisels,Consolidated Messenger,josh@consolidatedmessenger.com,Yes,Male,Florida
Satomi,Winston,Consolidated Messenger,satomi@consolidatedmessenger.com,Yes,Female,Florida
Evan,Dodds,Liberty's Delightful Sinful Bakery & Cafe,evan@libertysdelightfulsinfulbakeryandcafe.com,Yes,Male,Texas
Vladimir,Egorov,Liberty's Delightful Sinful Bakery & Cafe,vladimir@libertysdelightfulsinfulbakeryandcafe.com,Yes,Male,Texas
Sidney,Higa,Liberty's Delightful Sinful Bakery & Cafe,sidney@libertysdelightfulsinfulbakeryandcafe.com,Yes,Female,Texas
Tomas,Kobetic,Fabrikam Residences,tomas@fabrikamresidences.com,Yes,Male,Florida
Eric,Lang,Fabrikam Residences,eric@fabrikamresidences.com,Yes,Male,Florida
Ajay,Manchepalli,Fabrikam Residences,ajay@fabrikamresidences.com,Yes,Female,Florida
Jane,Dow,Fabrikam Residences,jane@fabrikamresidences.com,Yes,Female,Florida
Preeda,Ola,Fabrikam Residences,preeda@fabrikamresidences.com,Yes,Female,Florida
Luca,Budai,Fourth Coffee,luca@fourthcoffee.com,Yes,Male,Illinois
Mark,Budai,Fourth Coffee,mark@fourthcoffee.com,Yes,Male,Illinois
Michael,Sato,Fourth Coffee,michael@fourthcoffee.com,Yes,Male,Illinois
Pilar,White,Fourth Coffee,pilar@fourthcoffee.com,Yes,Female,Illinois
Robert,Paramasivam,Fourth Coffee,robert@fourthcoffee.com,Yes,Male,Illinois
Wendy ,Koska,Fourth Coffee,wendy @fourthcoffee.com,Yes,Female,Illinois
Anders,Riis,Graphic Design Institute,anders@graphicdesigninstitute.com,Yes,Male,Illinois
Daniel,Roth,Graphic Design Institute,daniel@graphicdesigninstitute.com,Yes,Male,Illinois
Rainer,Schiller,Graphic Design Institute,rainer@graphicdesigninstitute.com,Yes,Female,Illinois
Justin,Mitchell,Graphic Design Institute,justin@graphicdesigninstitute.com,Yes,Male,Illinois
Jimmy,Bischoff,Lamna Healthcare Company,jimmy@lamna healthcare company,Yes,Male,Washington
Nana,Bule,Lamna Healthcare Company,nana@lamna healthcare company,Yes,Female,Washington
Adam,Carter,Lamna Healthcare Company,adam@lamna healthcare company,Yes,Male,Washington
Rob,Cason,Lamna Healthcare Company,rob@lamna healthcare company,Yes,Male,Washington
Andrew,Dixon,"Litware, Inc.",andrew@litwareinc.com,Yes,Male,New York
Hugo,Garcia,"Litware, Inc.",hugo@litwareinc.com,Yes,Male,New York
Mark,Paiha,"Litware, Inc.",mark@litwareinc.com,Yes,Male,New York
Meagan,Bond,"Litware, Inc.",meagan@litwareinc.com,Yes,Female,New York
Yvonne,McKay,"Litware, Inc.",yvonne@litwareinc.com,Yes,Female,New York
Robin,Wood,"Litware, Inc.",robin@litwareinc.com,Yes,Female,New York
Bruno,Torres,Lucerne Publishing,bruno@lucernepublishing.com,Yes,Male,New York
Ian,Palangio,Lucerne Publishing,ian@lucernepublishing.com,Yes,Male,New York
Justin,Hadaya,Lucerne Publishing,justin@lucernepublishing.com,Yes,Male,New York
Patrick,Steiner,Lucerne Publishing,patrick@lucernepublishing.com,Yes,Male,New York
Viara,Kalnakova,Lucerne Publishing,viara@lucernepublishing.com,Yes,Female,New York
Scott,Rockfeld,Margie's Travel,scott@margiestravel.com,Yes,Male,Mississippi
Yolanda,Sánchez,Margie's Travel,yolanda@margiestravel.com,Yes,Female,Mississippi
Eran ,Shtiegman,Margie's Travel,eran @margiestravel.com,Yes,Male,Mississippi
Iben,Thorell,Margie's Travel,iben@margiestravel.com,Yes,Male,Mississippi
Susan,Burk,Margie's Travel,susan@margiestravel.com,Yes,Female,Mississippi
Alex,Wu,Northwind Traders,alex@northwindtraders.com,Yes,Male,West Virginia
April,Stewart,Northwind Traders,april@northwindtraders.com,Yes,Female,West Virginia
Greg,Chapman,Northwind Traders,greg@northwindtraders.com,Yes,Male,West Virginia
Pilar,Ackerman,"Proseware, Inc.",pilar@proseware.com,Yes,Female,Texas
Sachin,Karnik,"Proseware, Inc.",sachin@proseware.com,Yes,Female,Texas
Matt,Berg,"Proseware, Inc.",matt@proseware.com,Yes,Male,Texas
Bruce,Keever,"Proseware, Inc.",bruce@proseware.com,Yes,Male,Texas
Jacky,Chen,"Proseware, Inc.",jacky@proseware.com,Yes,Female,Texas
Andrew ,Palmer,"Proseware, Inc.",andrew @proseware.com,Yes,Male,Texas
Cora ,Gutierrez,"Proseware, Inc.",cora @proseware.com,Yes,Female,Texas
Terry,Adams,Relecloud,terry@relecloud.com,Yes,Female,Arizona
Dave,Barnett,Relecloud,dave@relecloud.com,Yes,Female,Arizona
Peter,Brehm,Relecloud,peter@relecloud.com,Yes,Male,Arizona
Bonnie,Skelly,Relecloud,bonnie@relecloud.com,Yes,Female,New York
Joris,Kalz,Relecloud,joris@relecloud.com,Yes,Male,New York
Jim,Kim,School of Fine Art,jim@schooloffineart.com,Yes,Male,Texas
Pedro,Ruivo,School of Fine Art,pedro@schooloffineart.com,Yes,Male,Texas
Samanth,Woogerd,School of Fine Art,samantha@schooloffineart.com,Yes,Female,Texas
James,Seymour,School of Fine Art,james@schooloffineart.com,Yes,Male,Texas
Anna,Bedecs,School of Fine Art,anna@schooloffineart.com,Yes,Female,Texas
Michael,Pfeiffer,Southridge Video,michael@southridgevideo.com,Yes,Male,Georgia
Louise,Toubro,Southridge Video,louise@southridgevideo.com,Yes,Female,Georgia
Miles,Reid,Southridge Video,miles@southridgevideo.com,Yes,Male,Georgia
Soumya,Singhi,Tailspin Toys,soumya@tailspintoys.com,Yes,Female,Michigan
Kim,Steffensen,Tailspin Toys,kim@tailspintoys.com,Yes,Female,Michigan
Justin,Thorp,Tailspin Toys,justin@tailspintoys.com,Yes,Male,Michigan
Lisa,Toftemark,Tailspin Toys,lisa@tailspintoys.com,Yes,Female,Michigan
Marco,Tanara,Tailspin Toys,marco@tailspintoys.com,Yes,Male,Michigan
Jeffrey,Zeng,The Phone Company,jeffrey@thephone-company.com,Yes,Male,Missouri
Ivan,Komashinsky,The Phone Company,ivan@thephone-company.com,Yes,Female,Missouri
Sean,Chai,The Phone Company,sean@thephone-company.com,Yes,Male,Missouri
Michael,Krause,Trey Research,michael@treyresearch.net,Yes,Male,Florida
Allison,Brown,Trey Research,allison@treyresearch.net,Yes,Female,Florida
Mirko,Mandic,Trey Research,mirko@treyresearch.net,Yes,Male,Florida
Humberto,Acevedo,Trey Research,humberto@treyresearch.net,Yes,Male,Florida
Isabelle,Scemla,Trey Research,isabelle@treyresearch.net,Yes,Female,Florida
Roxanne,Kenison,Trey Research,roxanne@treyresearch.net,Yes,Female,Florida
Britta,Simon,Woodgrove Bank,britta@woodgrovebank.com,Yes,Female,Illinois
Darren,Parker,Woodgrove Bank,darren@woodgrovebank.com,Yes,Male,Illinois
,,,,,,
,,,,,,
